created_at,sku_id,store_id,inventory,selling_price,mrp,prev_inventory
"2025-03-01 01:23:51",547731,29581,0,93,99,NULL
"2025-03-01 06:30:12",547731,29581,0,93,99,0
"2025-03-04 01:10:33",547731,29581,1,93,99,0
"2025-03-04 08:30:41",547731,29581,3,93,99,1
"2025-03-04 12:21:37",547731,29581,3,93,99,3
"2025-03-04 18:24:30",547731,29581,1,93,99,3
"2025-03-05 00:44:34",547731,29581,1,93,99,1
"2025-03-05 06:25:39",547731,29581,1,93,99,1
"2025-03-05 12:28:18",547731,29581,1,93,99,1
"2025-03-05 18:21:16",547731,29581,1,93,99,1
"2025-03-06 01:02:29",547731,29581,1,93,99,1
"2025-03-06 06:26:05",547731,29581,0,93,99,1
"2025-03-06 12:27:43",547731,29581,1,93,99,0
"2025-03-06 18:22:47",547731,29581,0,93,99,1
"2025-03-07 01:26:16",547731,29581,0,93,99,0
"2025-03-07 06:21:33",547731,29581,0,93,99,0
"2025-03-07 12:29:44",547731,29581,0,93,99,0
"2025-03-07 18:23:28",547731,29581,0,93,99,0
"2025-03-08 00:41:00",547731,29581,0,93,99,0
"2025-03-08 06:19:30",547731,29581,0,93,99,0
"2025-03-08 12:24:14",547731,29581,0,93,99,0
"2025-03-08 18:17:45",547731,29581,0,93,99,0
"2025-03-09 00:55:57",547731,29581,0,93,99,0
"2025-03-09 06:19:40",547731,29581,3,93,99,0
"2025-03-09 12:25:51",547731,29581,3,93,99,3
"2025-03-09 18:18:42",547731,29581,3,93,99,3
"2025-03-10 01:49:13",547731,29581,3,93,99,3
"2025-03-10 06:22:32",547731,29581,3,93,99,3
"2025-03-10 12:31:39",547731,29581,3,93,99,3
"2025-03-10 18:29:11",547731,29581,2,93,99,3
"2025-03-11 01:04:03",547731,29581,2,93,99,2
"2025-03-11 06:26:31",547731,29581,2,93,99,2
"2025-03-11 12:22:46",547731,29581,2,93,99,2
"2025-03-11 18:27:40",547731,29581,3,93,99,2
"2025-03-12 01:00:59",547731,29581,3,93,99,3
"2025-03-12 06:32:04",547731,29581,3,93,99,3
"2025-03-12 12:41:18",547731,29581,2,93,99,3
"2025-03-12 18:30:12",547731,29581,2,93,99,2
"2025-03-13 01:08:59",547731,29581,2,93,99,2
"2025-03-13 06:30:53",547731,29581,5,93,99,2
"2025-03-13 12:35:44",547731,29581,3,93,99,5
"2025-03-16 06:49:33",547731,29581,8,93,99,3
"2025-03-16 12:32:05",547731,29581,8,93,99,8
"2025-03-16 18:20:54",547731,29581,8,93,99,8
"2025-03-17 01:05:08",547731,29581,8,93,99,8
"2025-03-17 12:35:53",547731,29581,8,93,99,8
"2025-03-17 18:27:46",547731,29581,8,93,99,8
"2025-03-18 01:05:23",547731,29581,8,93,99,8
"2025-03-18 06:28:49",547731,29581,8,93,99,8
"2025-03-18 12:30:15",547731,29581,8,93,99,8
"2025-03-18 18:29:14",547731,29581,8,93,99,8
"2025-03-19 01:56:39",547731,29581,8,93,99,8
"2025-03-19 12:34:11",547731,29581,7,93,99,8
"2025-03-19 18:31:25",547731,29581,7,93,99,7
"2025-03-20 01:00:56",547731,29581,7,93,99,7
"2025-03-20 06:37:07",547731,29581,6,93,99,7
"2025-03-20 12:42:36",547731,29581,6,93,99,6
"2025-03-20 18:27:52",547731,29581,6,93,99,6
"2025-03-21 03:03:27",547731,29581,6,93,99,6
"2025-03-21 12:35:46",547731,29581,6,93,99,6
"2025-03-21 18:32:07",547731,29581,6,93,99,6
"2025-03-22 01:14:34",547731,29581,6,93,99,6
"2025-03-22 06:32:28",547731,29581,6,93,99,6
"2025-03-22 12:26:11",547731,29581,6,93,99,6
"2025-03-22 18:31:20",547731,29581,3,93,99,6
"2025-03-23 01:51:55",547731,29581,3,93,99,3
"2025-03-23 12:35:38",547731,29581,3,93,99,3
"2025-03-23 18:24:07",547731,29581,3,93,99,3
"2025-03-24 04:45:27",547731,29581,3,93,99,3
"2025-03-24 12:36:18",547731,29581,3,93,99,3
"2025-03-24 18:28:57",547731,29581,3,93,99,3
"2025-03-25 01:46:35",547731,29581,3,93,99,3
"2025-03-25 12:47:28",547731,29581,3,93,99,3
"2025-03-25 18:35:21",547731,29581,3,93,99,3
"2025-03-26 04:05:28",547731,29581,3,93,99,3
"2025-03-26 12:32:32",547731,29581,3,93,99,3
"2025-03-26 18:26:55",547731,29581,3,93,99,3
"2025-03-27 02:13:49",547731,29581,3,93,99,3
"2025-03-27 12:46:07",547731,29581,3,93,99,3
"2025-03-27 18:43:45",547731,29581,3,93,99,3
"2025-03-28 03:51:56",547731,29581,3,93,99,3
"2025-03-28 12:43:44",547731,29581,3,93,99,3
"2025-03-28 18:40:13",547731,29581,2,93,99,3
"2025-03-29 01:10:04",547731,29581,2,93,99,2
"2025-03-29 06:35:02",547731,29581,2,93,99,2
"2025-03-29 12:31:34",547731,29581,1,93,99,2
"2025-03-29 18:23:41",547731,29581,1,93,99,1
"2025-03-30 02:03:21",547731,29581,1,93,99,1
"2025-03-30 12:32:31",547731,29581,1,93,99,1
"2025-03-30 18:21:09",547731,29581,2,93,99,1
"2025-03-31 07:54:43",547731,29581,2,93,99,2
"2025-03-31 12:38:44",547731,29581,2,93,99,2
"2025-03-31 18:28:39",547731,29581,5,93,99,2
"2025-04-01 02:14:07",547731,29581,5,90,99,5
"2025-04-01 12:44:03",547731,29581,5,90,99,5
"2025-04-01 18:28:29",547731,29581,5,90,99,5
"2025-04-02 06:36:42",547731,29581,5,90,99,5
"2025-03-01 01:25:52",547731,29650,6,93,99,NULL
"2025-03-01 06:33:42",547731,29650,6,93,99,6
"2025-03-03 18:38:20",547731,29650,5,93,99,6
"2025-03-04 01:30:35",547731,29650,5,93,99,5
"2025-03-04 08:31:57",547731,29650,5,93,99,5
"2025-03-04 12:23:39",547731,29650,3,93,99,5
"2025-03-04 18:26:13",547731,29650,3,93,99,3
"2025-03-05 01:03:19",547731,29650,3,93,99,3
"2025-03-05 06:26:34",547731,29650,4,93,99,3
"2025-03-05 12:28:33",547731,29650,3,93,99,4
"2025-03-05 18:25:24",547731,29650,3,93,99,3
"2025-03-06 01:01:11",547731,29650,3,93,99,3
"2025-03-06 06:22:10",547731,29650,3,93,99,3
"2025-03-06 12:27:54",547731,29650,3,93,99,3
"2025-03-06 18:22:49",547731,29650,3,93,99,3
"2025-03-07 00:51:43",547731,29650,3,93,99,3
"2025-03-07 07:03:55",547731,29650,3,93,99,3
"2025-03-07 12:31:29",547731,29650,3,93,99,3
"2025-03-07 18:20:50",547731,29650,3,93,99,3
"2025-03-08 00:51:23",547731,29650,3,93,99,3
"2025-03-08 06:17:31",547731,29650,3,93,99,3
"2025-03-08 12:22:21",547731,29650,2,93,99,3
"2025-03-08 18:20:13",547731,29650,2,93,99,2
"2025-03-09 00:57:22",547731,29650,2,93,99,2
"2025-03-09 06:24:21",547731,29650,2,93,99,2
"2025-03-09 12:26:11",547731,29650,2,93,99,2
"2025-03-09 18:56:47",547731,29650,6,93,99,2
"2025-03-10 00:53:16",547731,29650,6,93,99,6
"2025-03-10 06:22:54",547731,29650,6,93,99,6
"2025-03-10 12:31:59",547731,29650,6,93,99,6
"2025-03-10 18:26:35",547731,29650,5,93,99,6
"2025-03-11 01:04:11",547731,29650,5,93,99,5
"2025-03-11 06:25:55",547731,29650,5,93,99,5
"2025-03-11 12:23:54",547731,29650,5,93,99,5
"2025-03-11 18:30:02",547731,29650,4,93,99,5
"2025-03-12 01:02:12",547731,29650,4,93,99,4
"2025-03-12 06:30:17",547731,29650,4,93,99,4
"2025-03-12 12:39:05",547731,29650,4,93,99,4
"2025-03-12 18:27:47",547731,29650,4,93,99,4
"2025-03-13 01:05:28",547731,29650,4,93,99,4
"2025-03-13 06:28:41",547731,29650,4,93,99,4
"2025-03-13 12:33:55",547731,29650,4,93,99,4
"2025-03-16 07:10:36",547731,29650,8,93,99,4
"2025-03-16 12:32:02",547731,29650,8,93,99,8
"2025-03-16 18:20:28",547731,29650,8,93,99,8
"2025-03-17 01:30:28",547731,29650,8,93,99,8
"2025-03-17 12:33:53",547731,29650,7,93,99,8
"2025-03-17 18:31:26",547731,29650,7,93,99,7
"2025-03-18 01:05:49",547731,29650,7,93,99,7
"2025-03-18 06:28:45",547731,29650,7,93,99,7
"2025-03-18 12:29:30",547731,29650,7,93,99,7
"2025-03-18 18:25:29",547731,29650,7,93,99,7
"2025-03-19 01:18:49",547731,29650,7,93,99,7
"2025-03-19 12:36:30",547731,29650,7,93,99,7
"2025-03-19 18:31:36",547731,29650,7,93,99,7
"2025-03-20 01:04:35",547731,29650,7,93,99,7
"2025-03-20 06:30:50",547731,29650,7,93,99,7
"2025-03-20 14:15:16",547731,29650,7,93,99,7
"2025-03-20 18:30:16",547731,29650,7,93,99,7
"2025-03-21 02:06:47",547731,29650,7,93,99,7
"2025-03-21 12:36:12",547731,29650,5,93,99,7
"2025-03-21 18:31:49",547731,29650,5,93,99,5
"2025-03-22 01:13:27",547731,29650,5,93,99,5
"2025-03-22 06:35:20",547731,29650,5,93,99,5
"2025-03-22 12:28:56",547731,29650,2,93,99,5
"2025-03-22 18:36:51",547731,29650,2,93,99,2
"2025-03-23 07:34:01",547731,29650,7,93,99,2
"2025-03-23 12:30:05",547731,29650,7,93,99,7
"2025-03-23 18:27:01",547731,29650,7,93,99,7
"2025-03-24 04:11:37",547731,29650,7,93,99,7
"2025-03-24 12:41:59",547731,29650,7,93,99,7
"2025-03-24 18:27:16",547731,29650,7,93,99,7
"2025-03-25 01:17:32",547731,29650,7,93,99,7
"2025-03-25 12:37:10",547731,29650,7,93,99,7
"2025-03-25 18:27:39",547731,29650,7,93,99,7
"2025-03-26 01:18:29",547731,29650,7,93,99,7
"2025-03-26 12:43:28",547731,29650,5,93,99,7
"2025-03-26 18:23:51",547731,29650,5,93,99,5
"2025-03-27 02:39:22",547731,29650,5,93,99,5
"2025-03-27 12:32:57",547731,29650,5,93,99,5
"2025-03-27 18:29:45",547731,29650,2,93,99,5
"2025-03-28 03:36:17",547731,29650,2,93,99,2
"2025-03-28 18:30:53",547731,29650,0,93,99,2
"2025-03-29 08:03:32",547731,29650,5,93,99,0
"2025-03-29 12:40:02",547731,29650,5,93,99,5
"2025-03-29 18:24:28",547731,29650,5,93,99,5
"2025-03-30 07:37:42",547731,29650,5,93,99,5
"2025-03-30 12:28:10",547731,29650,5,93,99,5
"2025-03-30 18:27:39",547731,29650,5,93,99,5
"2025-03-31 02:38:01",547731,29650,5,93,99,5
"2025-03-31 12:38:35",547731,29650,4,93,99,5
"2025-03-31 18:32:01",547731,29650,3,93,99,4
"2025-04-01 07:34:14",547731,29650,3,90,99,3
"2025-04-01 12:45:04",547731,29650,1,90,99,3
"2025-04-01 18:33:11",547731,29650,1,90,99,1
"2025-04-02 06:44:55",547731,29650,10,90,99,1
"2025-03-01 00:48:20",547731,29859,1,93,99,NULL
"2025-03-01 07:07:04",547731,29859,1,93,99,1
"2025-03-03 18:37:01",547731,29859,2,93,99,1
"2025-03-04 01:14:08",547731,29859,2,93,99,2
"2025-03-04 08:29:33",547731,29859,2,93,99,2
"2025-03-04 12:22:24",547731,29859,2,93,99,2
"2025-03-04 18:25:22",547731,29859,1,93,99,2
"2025-03-05 00:45:48",547731,29859,1,93,99,1
"2025-03-05 06:25:05",547731,29859,1,93,99,1
"2025-03-05 12:28:57",547731,29859,3,93,99,1
"2025-03-05 18:30:53",547731,29859,3,93,99,3
"2025-03-06 01:02:35",547731,29859,3,93,99,3
"2025-03-06 06:21:09",547731,29859,3,93,99,3
"2025-03-06 12:25:32",547731,29859,3,93,99,3
"2025-03-06 18:25:48",547731,29859,3,93,99,3
"2025-03-07 00:41:44",547731,29859,3,93,99,3
"2025-03-07 07:05:16",547731,29859,3,93,99,3
"2025-03-07 12:32:18",547731,29859,3,93,99,3
"2025-03-07 18:23:26",547731,29859,3,93,99,3
"2025-03-08 00:47:23",547731,29859,3,93,99,3
"2025-03-08 06:20:26",547731,29859,3,93,99,3
"2025-03-08 12:22:25",547731,29859,3,93,99,3
"2025-03-08 18:17:56",547731,29859,3,93,99,3
"2025-03-09 00:53:55",547731,29859,3,93,99,3
"2025-03-09 06:21:50",547731,29859,3,93,99,3
"2025-03-09 12:21:42",547731,29859,3,93,99,3
"2025-03-09 18:59:41",547731,29859,3,93,99,3
"2025-03-10 00:51:34",547731,29859,3,93,99,3
"2025-03-10 06:22:58",547731,29859,3,93,99,3
"2025-03-10 12:30:34",547731,29859,2,93,99,3
"2025-03-10 18:26:48",547731,29859,2,93,99,2
"2025-03-11 01:04:46",547731,29859,2,93,99,2
"2025-03-11 06:26:32",547731,29859,1,93,99,2
"2025-03-11 12:26:11",547731,29859,1,93,99,1
"2025-03-11 18:30:20",547731,29859,1,93,99,1
"2025-03-12 00:57:21",547731,29859,1,93,99,1
"2025-03-12 06:32:59",547731,29859,4,93,99,1
"2025-03-12 12:38:17",547731,29859,3,93,99,4
"2025-03-12 18:24:48",547731,29859,3,93,99,3
"2025-03-13 01:05:24",547731,29859,3,93,99,3
"2025-03-13 06:27:38",547731,29859,1,93,99,3
"2025-03-13 12:31:05",547731,29859,1,93,99,1
"2025-03-16 07:10:09",547731,29859,3,93,99,1
"2025-03-16 12:29:02",547731,29859,3,93,99,3
"2025-03-16 18:20:43",547731,29859,2,93,99,3
"2025-03-17 01:06:49",547731,29859,2,93,99,2
"2025-03-17 12:33:12",547731,29859,4,93,99,2
"2025-03-17 18:27:42",547731,29859,3,93,99,4
"2025-03-18 01:04:03",547731,29859,3,93,99,3
"2025-03-18 06:28:24",547731,29859,3,93,99,3
"2025-03-18 12:31:05",547731,29859,3,93,99,3
"2025-03-18 18:25:30",547731,29859,2,93,99,3
"2025-03-19 02:21:19",547731,29859,2,93,99,2
"2025-03-19 12:34:48",547731,29859,4,93,99,2
"2025-03-19 18:26:56",547731,29859,4,93,99,4
"2025-03-20 01:10:49",547731,29859,4,93,99,4
"2025-03-20 06:30:55",547731,29859,4,93,99,4
"2025-03-20 12:41:27",547731,29859,4,93,99,4
"2025-03-20 18:31:48",547731,29859,4,93,99,4
"2025-03-21 01:29:31",547731,29859,4,93,99,4
"2025-03-21 12:28:17",547731,29859,4,93,99,4
"2025-03-21 18:34:36",547731,29859,4,93,99,4
"2025-03-22 01:01:19",547731,29859,4,93,99,4
"2025-03-22 06:33:31",547731,29859,4,93,99,4
"2025-03-22 12:31:10",547731,29859,2,93,99,4
"2025-03-22 18:28:50",547731,29859,2,93,99,2
"2025-03-23 02:05:18",547731,29859,4,93,99,2
"2025-03-23 12:32:01",547731,29859,3,93,99,4
"2025-03-23 18:26:16",547731,29859,3,93,99,3
"2025-03-24 02:06:15",547731,29859,3,93,99,3
"2025-03-24 12:38:04",547731,29859,4,93,99,3
"2025-03-24 18:28:54",547731,29859,3,93,99,4
"2025-03-25 01:56:18",547731,29859,3,93,99,3
"2025-03-25 12:38:19",547731,29859,4,93,99,3
"2025-03-25 18:33:54",547731,29859,4,93,99,4
"2025-03-26 04:06:30",547731,29859,4,93,99,4
"2025-03-26 12:37:13",547731,29859,4,93,99,4
"2025-03-26 18:23:53",547731,29859,4,93,99,4
"2025-03-27 02:08:13",547731,29859,4,93,99,4
"2025-03-27 12:37:35",547731,29859,3,93,99,4
"2025-03-27 18:36:59",547731,29859,3,93,99,3
"2025-03-28 03:34:23",547731,29859,4,93,99,3
"2025-03-28 12:42:53",547731,29859,4,93,99,4
"2025-03-28 18:26:44",547731,29859,4,93,99,4
"2025-03-29 01:09:00",547731,29859,4,93,99,4
"2025-03-29 06:30:48",547731,29859,4,93,99,4
"2025-03-29 12:37:46",547731,29859,4,93,99,4
"2025-03-29 18:33:40",547731,29859,4,93,99,4
"2025-03-30 03:29:55",547731,29859,4,93,99,4
"2025-03-30 12:29:34",547731,29859,2,93,99,4
"2025-03-30 18:25:11",547731,29859,2,93,99,2
"2025-03-31 01:11:10",547731,29859,4,93,99,2
"2025-03-31 12:42:39",547731,29859,4,93,99,4
"2025-03-31 18:32:57",547731,29859,4,93,99,4
"2025-03-31 18:38:21",547731,29859,4,93,99,4
"2025-04-01 01:10:58",547731,29859,4,90,99,4
"2025-04-01 12:44:29",547731,29859,4,90,99,4
"2025-04-01 18:28:32",547731,29859,4,90,99,4
"2025-04-02 01:24:41",547731,29859,4,90,99,4
"2025-03-01 00:47:01",547731,29861,1,93,99,NULL
"2025-03-01 01:10:01",547731,29861,1,93,99,1
"2025-03-01 06:06:08",547731,29861,1,93,99,1
"2025-03-04 00:03:37",547731,29861,3,93,99,1
"2025-03-04 08:23:10",547731,29861,3,93,99,3
"2025-03-04 12:00:12",547731,29861,2,93,99,3
"2025-03-04 18:20:30",547731,29861,2,93,99,2
"2025-03-05 00:00:41",547731,29861,2,93,99,2
"2025-03-05 06:10:41",547731,29861,2,93,99,2
"2025-03-05 12:21:46",547731,29861,2,93,99,2
"2025-03-05 18:04:35",547731,29861,2,93,99,2
"2025-03-06 00:05:38",547731,29861,2,93,99,2
"2025-03-06 06:08:43",547731,29861,2,93,99,2
"2025-03-06 12:23:52",547731,29861,2,93,99,2
"2025-03-06 18:00:50",547731,29861,2,93,99,2
"2025-03-07 00:01:36",547731,29861,2,93,99,2
"2025-03-07 06:06:44",547731,29861,2,93,99,2
"2025-03-07 12:12:20",547731,29861,2,93,99,2
"2025-03-07 18:11:06",547731,29861,2,93,99,2
"2025-03-08 00:30:36",547731,29861,2,93,99,2
"2025-03-08 06:03:53",547731,29861,2,93,99,2
"2025-03-08 12:09:55",547731,29861,2,93,99,2
"2025-03-08 18:11:16",547731,29861,2,93,99,2
"2025-03-09 00:05:29",547731,29861,2,93,99,2
"2025-03-09 06:04:34",547731,29861,2,93,99,2
"2025-03-09 12:03:36",547731,29861,2,93,99,2
"2025-03-09 18:00:15",547731,29861,2,93,99,2
"2025-03-10 00:15:36",547731,29861,2,93,99,2
"2025-03-10 06:17:17",547731,29861,2,93,99,2
"2025-03-10 12:00:16",547731,29861,2,93,99,2
"2025-03-10 18:03:27",547731,29861,2,93,99,2
"2025-03-11 00:12:02",547731,29861,2,93,99,2
"2025-03-11 06:21:13",547731,29861,2,93,99,2
"2025-03-11 12:02:19",547731,29861,2,93,99,2
"2025-03-11 18:02:08",547731,29861,2,93,99,2
"2025-03-12 00:19:20",547731,29861,2,93,99,2
"2025-03-12 06:25:03",547731,29861,2,93,99,2
"2025-03-12 13:25:45",547731,29861,2,93,99,2
"2025-03-12 18:06:40",547731,29861,2,93,99,2
"2025-03-13 00:00:17",547731,29861,2,93,99,2
"2025-03-13 06:13:35",547731,29861,2,93,99,2
"2025-03-13 12:01:04",547731,29861,2,93,99,2
"2025-03-13 18:20:46",547731,29861,2,93,99,2
"2025-03-16 07:00:35",547731,29861,2,93,99,2
"2025-03-16 12:07:31",547731,29861,2,93,99,2
"2025-03-16 18:17:01",547731,29861,2,93,99,2
"2025-03-17 06:50:00",547731,29861,2,93,99,2
"2025-03-17 12:05:46",547731,29861,2,93,99,2
"2025-03-17 18:07:15",547731,29861,2,93,99,2
"2025-03-18 00:11:34",547731,29861,2,93,99,2
"2025-03-18 06:17:04",547731,29861,2,93,99,2
"2025-03-18 12:02:53",547731,29861,2,93,99,2
"2025-03-18 18:00:12",547731,29861,2,93,99,2
"2025-03-19 00:01:30",547731,29861,2,93,99,2
"2025-03-19 12:02:56",547731,29861,2,93,99,2
"2025-03-19 18:20:20",547731,29861,2,93,99,2
"2025-03-20 00:25:18",547731,29861,2,93,99,2
"2025-03-20 06:24:45",547731,29861,2,93,99,2
"2025-03-20 12:02:55",547731,29861,2,93,99,2
"2025-03-20 18:10:58",547731,29861,2,93,99,2
"2025-03-21 00:04:55",547731,29861,2,93,99,2
"2025-03-21 12:07:10",547731,29861,2,93,99,2
"2025-03-21 18:02:30",547731,29861,2,93,99,2
"2025-03-22 00:05:14",547731,29861,2,93,99,2
"2025-03-22 06:01:34",547731,29861,2,93,99,2
"2025-03-22 12:01:39",547731,29861,2,93,99,2
"2025-03-22 18:06:23",547731,29861,2,93,99,2
"2025-03-23 00:00:13",547731,29861,2,93,99,2
"2025-03-23 12:06:00",547731,29861,2,93,99,2
"2025-03-23 18:10:01",547731,29861,2,93,99,2
"2025-03-24 00:39:27",547731,29861,2,93,99,2
"2025-03-24 13:54:45",547731,29861,0,93,99,2
"2025-03-24 18:02:44",547731,29861,0,93,99,0
"2025-03-25 00:00:13",547731,29861,0,93,99,0
"2025-03-25 13:54:50",547731,29861,1,93,99,0
"2025-03-25 18:20:39",547731,29861,1,93,99,1
"2025-03-26 00:12:52",547731,29861,1,93,99,1
"2025-03-26 12:18:32",547731,29861,1,93,99,1
"2025-03-26 18:18:32",547731,29861,2,93,99,1
"2025-03-27 00:05:14",547731,29861,2,93,99,2
"2025-03-27 12:34:23",547731,29861,2,93,99,2
"2025-03-27 18:24:02",547731,29861,2,93,99,2
"2025-03-28 00:21:52",547731,29861,2,93,99,2
"2025-03-28 12:00:17",547731,29861,2,93,99,2
"2025-03-28 18:19:51",547731,29861,2,93,99,2
"2025-03-29 01:00:11",547731,29861,2,93,99,2
"2025-03-29 06:09:41",547731,29861,2,93,99,2
"2025-03-29 14:16:06",547731,29861,1,93,99,2
"2025-03-29 18:18:44",547731,29861,1,93,99,1
"2025-03-30 00:01:53",547731,29861,1,93,99,1
"2025-03-30 12:25:19",547731,29861,0,93,99,1
"2025-03-30 18:02:14",547731,29861,1,93,99,0
"2025-03-31 01:14:35",547731,29861,1,93,99,1
"2025-03-31 12:05:09",547731,29861,2,93,99,1
"2025-03-31 18:21:25",547731,29861,2,93,99,2
"2025-04-01 00:20:40",547731,29861,2,93,99,2
"2025-04-01 12:36:37",547731,29861,4,90,99,2
"2025-04-01 18:18:42",547731,29861,2,90,99,4
"2025-04-02 00:07:54",547731,29861,2,90,99,2
"2025-03-01 00:51:31",547731,30024,1,93,99,NULL
"2025-03-01 07:09:25",547731,30024,1,93,99,1
"2025-03-03 18:41:19",547731,30024,1,93,99,1
"2025-03-04 01:21:20",547731,30024,1,93,99,1
"2025-03-04 08:32:05",547731,30024,1,93,99,1
"2025-03-04 12:27:16",547731,30024,1,93,99,1
"2025-03-04 18:26:17",547731,30024,0,93,99,1
"2025-03-05 00:46:21",547731,30024,0,93,99,0
"2025-03-05 06:25:26",547731,30024,0,93,99,0
"2025-03-05 12:28:53",547731,30024,0,93,99,0
"2025-03-05 18:24:27",547731,30024,0,93,99,0
"2025-03-06 01:03:17",547731,30024,0,93,99,0
"2025-03-06 06:22:05",547731,30024,0,93,99,0
"2025-03-06 12:28:34",547731,30024,0,93,99,0
"2025-03-06 18:26:11",547731,30024,0,93,99,0
"2025-03-07 01:05:42",547731,30024,0,93,99,0
"2025-03-07 06:21:45",547731,30024,0,93,99,0
"2025-03-07 12:31:45",547731,30024,0,93,99,0
"2025-03-07 18:21:40",547731,30024,0,93,99,0
"2025-03-08 00:50:26",547731,30024,0,93,99,0
"2025-03-08 06:18:13",547731,30024,0,93,99,0
"2025-03-08 12:24:23",547731,30024,0,93,99,0
"2025-03-08 18:18:28",547731,30024,0,93,99,0
"2025-03-09 00:54:31",547731,30024,0,93,99,0
"2025-03-09 06:25:17",547731,30024,0,93,99,0
"2025-03-09 12:22:55",547731,30024,0,93,99,0
"2025-03-09 18:21:45",547731,30024,0,93,99,0
"2025-03-10 00:51:07",547731,30024,0,93,99,0
"2025-03-10 06:22:15",547731,30024,0,93,99,0
"2025-03-10 12:26:55",547731,30024,0,93,99,0
"2025-03-10 18:24:20",547731,30024,0,93,99,0
"2025-03-11 01:04:53",547731,30024,0,93,99,0
"2025-03-11 01:24:43",547731,30024,0,93,99,0
"2025-03-11 06:27:26",547731,30024,0,93,99,0
"2025-03-11 12:27:16",547731,30024,0,93,99,0
"2025-03-11 18:30:55",547731,30024,0,93,99,0
"2025-03-12 01:02:46",547731,30024,0,93,99,0
"2025-03-12 06:32:18",547731,30024,0,93,99,0
"2025-03-12 12:34:34",547731,30024,0,93,99,0
"2025-03-12 18:25:49",547731,30024,0,93,99,0
"2025-03-13 01:07:17",547731,30024,0,93,99,0
"2025-03-13 06:29:48",547731,30024,0,93,99,0
"2025-03-13 12:32:51",547731,30024,0,93,99,0
"2025-03-16 07:06:01",547731,30024,1,93,99,0
"2025-03-16 12:32:43",547731,30024,1,93,99,1
"2025-03-16 18:21:12",547731,30024,1,93,99,1
"2025-03-17 01:58:14",547731,30024,2,93,99,1
"2025-03-17 12:35:56",547731,30024,2,93,99,2
"2025-03-17 18:26:27",547731,30024,2,93,99,2
"2025-03-18 01:05:21",547731,30024,2,93,99,2
"2025-03-18 06:25:27",547731,30024,2,93,99,2
"2025-03-18 12:31:17",547731,30024,2,93,99,2
"2025-03-18 18:25:14",547731,30024,2,93,99,2
"2025-03-19 01:21:26",547731,30024,2,93,99,2
"2025-03-19 12:38:24",547731,30024,2,93,99,2
"2025-03-19 18:30:04",547731,30024,2,93,99,2
"2025-03-20 01:07:54",547731,30024,2,93,99,2
"2025-03-20 06:27:21",547731,30024,2,93,99,2
"2025-03-20 12:45:10",547731,30024,2,93,99,2
"2025-03-20 18:28:08",547731,30024,2,93,99,2
"2025-03-21 07:20:37",547731,30024,2,93,99,2
"2025-03-21 12:29:04",547731,30024,2,93,99,2
"2025-03-21 18:36:16",547731,30024,2,93,99,2
"2025-03-22 01:03:49",547731,30024,2,93,99,2
"2025-03-22 06:33:27",547731,30024,2,93,99,2
"2025-03-22 12:30:15",547731,30024,2,93,99,2
"2025-03-22 18:38:35",547731,30024,2,93,99,2
"2025-03-23 01:59:27",547731,30024,2,93,99,2
"2025-03-23 12:31:20",547731,30024,2,93,99,2
"2025-03-23 18:26:33",547731,30024,2,93,99,2
"2025-03-24 04:46:28",547731,30024,2,93,99,2
"2025-03-24 12:32:51",547731,30024,2,93,99,2
"2025-03-24 18:34:41",547731,30024,1,93,99,2
"2025-03-25 01:25:24",547731,30024,1,93,99,1
"2025-03-25 12:38:22",547731,30024,1,93,99,1
"2025-03-25 18:34:54",547731,30024,1,93,99,1
"2025-03-26 01:21:06",547731,30024,1,93,99,1
"2025-03-26 12:36:08",547731,30024,1,93,99,1
"2025-03-26 18:24:10",547731,30024,1,93,99,1
"2025-03-27 01:38:52",547731,30024,1,93,99,1
"2025-03-27 12:34:29",547731,30024,1,93,99,1
"2025-03-27 18:26:11",547731,30024,1,93,99,1
"2025-03-28 01:24:02",547731,30024,1,93,99,1
"2025-03-28 12:43:15",547731,30024,0,93,99,1
"2025-03-28 18:27:09",547731,30024,0,93,99,0
"2025-03-29 01:14:13",547731,30024,0,93,99,0
"2025-03-29 06:30:22",547731,30024,0,93,99,0
"2025-03-29 12:41:56",547731,30024,0,93,99,0
"2025-03-29 18:35:02",547731,30024,0,93,99,0
"2025-03-30 07:08:02",547731,30024,0,93,99,0
"2025-03-30 12:39:22",547731,30024,0,93,99,0
"2025-03-30 18:31:24",547731,30024,0,93,99,0
"2025-03-31 02:41:36",547731,30024,0,93,99,0
"2025-03-31 12:43:34",547731,30024,0,93,99,0
"2025-03-31 18:30:13",547731,30024,0,93,99,0
"2025-04-01 01:46:22",547731,30024,0,90,99,0
"2025-04-01 12:45:34",547731,30024,0,90,99,0
"2025-04-01 18:24:37",547731,30024,0,90,99,0
"2025-03-01 00:55:10",547731,30175,0,93,99,NULL
"2025-03-01 07:11:24",547731,30175,4,93,99,0
"2025-03-04 01:21:55",547731,30175,3,93,99,4
"2025-03-04 08:31:24",547731,30175,3,93,99,3
"2025-03-04 12:21:26",547731,30175,3,93,99,3
"2025-03-04 18:24:51",547731,30175,1,93,99,3
"2025-03-05 00:47:29",547731,30175,4,93,99,1
"2025-03-05 06:26:50",547731,30175,4,93,99,4
"2025-03-05 12:29:00",547731,30175,4,93,99,4
"2025-03-05 18:55:40",547731,30175,4,93,99,4
"2025-03-06 01:03:23",547731,30175,4,93,99,4
"2025-03-06 06:51:46",547731,30175,4,93,99,4
"2025-03-06 12:27:59",547731,30175,4,93,99,4
"2025-03-06 18:24:39",547731,30175,4,93,99,4
"2025-03-07 00:57:29",547731,30175,4,93,99,4
"2025-03-07 07:02:27",547731,30175,4,93,99,4
"2025-03-07 12:32:51",547731,30175,4,93,99,4
"2025-03-07 19:00:57",547731,30175,3,93,99,4
"2025-03-08 00:46:46",547731,30175,3,93,99,3
"2025-03-08 06:20:32",547731,30175,3,93,99,3
"2025-03-08 12:25:45",547731,30175,3,93,99,3
"2025-03-08 18:17:49",547731,30175,2,93,99,3
"2025-03-09 00:57:57",547731,30175,2,93,99,2
"2025-03-09 06:25:22",547731,30175,2,93,99,2
"2025-03-09 12:24:37",547731,30175,0,93,99,2
"2025-03-09 19:01:08",547731,30175,0,93,99,0
"2025-03-10 00:46:50",547731,30175,2,93,99,0
"2025-03-10 06:23:02",547731,30175,2,93,99,2
"2025-03-10 12:31:46",547731,30175,1,93,99,2
"2025-03-10 18:26:23",547731,30175,1,93,99,1
"2025-03-11 06:27:27",547731,30175,1,93,99,1
"2025-03-11 12:23:53",547731,30175,0,93,99,1
"2025-03-11 18:31:21",547731,30175,0,93,99,0
"2025-03-12 01:03:37",547731,30175,0,93,99,0
"2025-03-12 06:29:05",547731,30175,0,93,99,0
"2025-03-12 12:39:16",547731,30175,0,93,99,0
"2025-03-12 18:31:27",547731,30175,1,93,99,0
"2025-03-13 01:05:25",547731,30175,3,93,99,1
"2025-03-13 12:30:47",547731,30175,3,93,99,3
"2025-03-16 06:49:54",547731,30175,3,93,99,3
"2025-03-16 12:26:55",547731,30175,3,93,99,3
"2025-03-16 18:24:45",547731,30175,3,93,99,3
"2025-03-17 01:04:23",547731,30175,3,93,99,3
"2025-03-17 12:35:46",547731,30175,3,93,99,3
"2025-03-17 18:26:34",547731,30175,3,93,99,3
"2025-03-18 01:02:12",547731,30175,3,93,99,3
"2025-03-18 06:24:28",547731,30175,3,93,99,3
"2025-03-18 12:31:54",547731,30175,3,93,99,3
"2025-03-18 18:25:36",547731,30175,1,93,99,3
"2025-03-19 01:25:00",547731,30175,1,93,99,1
"2025-03-19 12:35:55",547731,30175,1,93,99,1
"2025-03-19 18:26:31",547731,30175,2,93,99,1
"2025-03-20 01:05:17",547731,30175,2,93,99,2
"2025-03-20 06:27:44",547731,30175,2,93,99,2
"2025-03-20 12:42:10",547731,30175,2,93,99,2
"2025-03-20 18:29:50",547731,30175,2,93,99,2
"2025-03-21 03:45:22",547731,30175,2,93,99,2
"2025-03-21 12:30:21",547731,30175,2,93,99,2
"2025-03-21 18:35:34",547731,30175,2,93,99,2
"2025-03-22 01:07:14",547731,30175,2,93,99,2
"2025-03-22 06:33:59",547731,30175,2,93,99,2
"2025-03-22 12:32:13",547731,30175,1,93,99,2
"2025-03-22 18:37:02",547731,30175,0,93,99,1
"2025-03-23 02:50:20",547731,30175,0,93,99,0
"2025-03-23 12:27:13",547731,30175,0,93,99,0
"2025-03-23 18:28:17",547731,30175,0,93,99,0
"2025-03-24 06:09:26",547731,30175,0,93,99,0
"2025-03-24 12:38:10",547731,30175,0,93,99,0
"2025-03-24 18:28:02",547731,30175,0,93,99,0
"2025-03-25 03:31:39",547731,30175,0,93,99,0
"2025-03-25 12:40:45",547731,30175,2,93,99,0
"2025-03-25 18:35:04",547731,30175,2,93,99,2
"2025-03-26 04:17:56",547731,30175,2,93,99,2
"2025-03-26 12:38:12",547731,30175,2,93,99,2
"2025-03-26 18:24:54",547731,30175,2,93,99,2
"2025-03-27 03:06:15",547731,30175,2,93,99,2
"2025-03-27 12:35:38",547731,30175,2,93,99,2
"2025-03-27 18:26:52",547731,30175,2,93,99,2
"2025-03-28 07:35:27",547731,30175,2,93,99,2
"2025-03-28 12:43:26",547731,30175,0,93,99,2
"2025-03-28 18:27:19",547731,30175,0,93,99,0
"2025-03-29 01:08:59",547731,30175,0,93,99,0
"2025-03-29 06:31:21",547731,30175,2,93,99,0
"2025-03-29 12:33:07",547731,30175,2,93,99,2
"2025-03-29 18:34:51",547731,30175,2,93,99,2
"2025-03-30 04:23:36",547731,30175,2,93,99,2
"2025-03-30 12:30:24",547731,30175,2,93,99,2
"2025-03-30 18:25:14",547731,30175,2,93,99,2
"2025-03-31 03:50:56",547731,30175,4,93,99,2
"2025-03-31 12:43:41",547731,30175,4,93,99,4
"2025-03-31 18:30:22",547731,30175,3,93,99,4
"2025-04-01 07:16:42",547731,30175,3,90,99,3
"2025-04-01 12:39:36",547731,30175,3,90,99,3
"2025-04-01 18:29:10",547731,30175,3,90,99,3
"2025-04-02 06:48:11",547731,30175,3,90,99,3
"2025-03-01 00:58:50",547731,30248,2,93,99,NULL
"2025-03-01 07:13:24",547731,30248,2,93,99,2
"2025-03-03 18:40:06",547731,30248,6,93,99,2
"2025-03-04 01:16:30",547731,30248,6,93,99,6
"2025-03-04 08:29:22",547731,30248,6,93,99,6
"2025-03-04 12:27:39",547731,30248,6,93,99,6
"2025-03-04 18:23:44",547731,30248,4,93,99,6
"2025-03-05 01:27:44",547731,30248,4,93,99,4
"2025-03-05 06:26:23",547731,30248,4,93,99,4
"2025-03-05 12:28:00",547731,30248,7,93,99,4
"2025-03-05 18:53:27",547731,30248,7,93,99,7
"2025-03-06 01:04:14",547731,30248,7,93,99,7
"2025-03-06 06:22:47",547731,30248,7,93,99,7
"2025-03-06 12:28:35",547731,30248,7,93,99,7
"2025-03-06 18:26:03",547731,30248,7,93,99,7
"2025-03-07 01:05:30",547731,30248,7,93,99,7
"2025-03-07 06:59:17",547731,30248,7,93,99,7
"2025-03-07 12:34:46",547731,30248,7,93,99,7
"2025-03-07 18:22:04",547731,30248,7,93,99,7
"2025-03-08 00:50:57",547731,30248,7,93,99,7
"2025-03-08 06:18:06",547731,30248,7,93,99,7
"2025-03-08 12:22:23",547731,30248,7,93,99,7
"2025-03-08 18:20:43",547731,30248,6,93,99,7
"2025-03-09 00:55:44",547731,30248,6,93,99,6
"2025-03-09 06:25:24",547731,30248,6,93,99,6
"2025-03-09 12:23:39",547731,30248,6,93,99,6
"2025-03-09 18:20:38",547731,30248,6,93,99,6
"2025-03-10 00:44:49",547731,30248,6,93,99,6
"2025-03-10 06:20:39",547731,30248,6,93,99,6
"2025-03-10 12:29:31",547731,30248,6,93,99,6
"2025-03-10 18:26:47",547731,30248,6,93,99,6
"2025-03-11 01:04:29",547731,30248,6,93,99,6
"2025-03-11 06:27:43",547731,30248,6,93,99,6
"2025-03-11 12:27:49",547731,30248,6,93,99,6
"2025-03-11 18:31:21",547731,30248,5,93,99,6
"2025-03-11 19:15:38",547731,30248,5,93,99,5
"2025-03-12 01:03:11",547731,30248,5,93,99,5
"2025-03-12 06:33:09",547731,30248,5,93,99,5
"2025-03-12 12:39:05",547731,30248,5,93,99,5
"2025-03-12 18:31:13",547731,30248,5,93,99,5
"2025-03-12 19:12:50",547731,30248,5,93,99,5
"2025-03-13 01:11:06",547731,30248,5,93,99,5
"2025-03-13 06:27:06",547731,30248,5,93,99,5
"2025-03-13 12:32:03",547731,30248,5,93,99,5
"2025-03-16 06:48:52",547731,30248,3,93,99,5
"2025-03-16 12:32:52",547731,30248,2,93,99,3
"2025-03-16 18:21:55",547731,30248,2,93,99,2
"2025-03-16 19:14:23",547731,30248,2,93,99,2
"2025-03-17 01:26:53",547731,30248,2,93,99,2
"2025-03-17 12:37:52",547731,30248,5,93,99,2
"2025-03-17 18:27:20",547731,30248,5,93,99,5
"2025-03-17 19:59:03",547731,30248,5,93,99,5
"2025-03-18 01:02:16",547731,30248,5,93,99,5
"2025-03-18 06:25:34",547731,30248,5,93,99,5
"2025-03-18 12:29:32",547731,30248,5,93,99,5
"2025-03-18 18:27:11",547731,30248,5,93,99,5
"2025-03-18 19:44:28",547731,30248,5,93,99,5
"2025-03-19 02:00:45",547731,30248,5,93,99,5
"2025-03-19 12:35:53",547731,30248,5,93,99,5
"2025-03-19 18:34:02",547731,30248,5,93,99,5
"2025-03-19 19:41:36",547731,30248,5,93,99,5
"2025-03-20 01:05:59",547731,30248,5,93,99,5
"2025-03-20 06:30:41",547731,30248,5,93,99,5
"2025-03-20 12:37:37",547731,30248,5,93,99,5
"2025-03-20 18:32:09",547731,30248,5,93,99,5
"2025-03-20 19:33:21",547731,30248,5,93,99,5
"2025-03-21 01:15:06",547731,30248,5,93,99,5
"2025-03-21 12:30:52",547731,30248,5,93,99,5
"2025-03-21 18:32:31",547731,30248,5,93,99,5
"2025-03-21 19:22:40",547731,30248,5,93,99,5
"2025-03-22 01:07:08",547731,30248,5,93,99,5
"2025-03-22 06:30:40",547731,30248,5,93,99,5
"2025-03-22 12:26:45",547731,30248,3,93,99,5
"2025-03-22 18:29:46",547731,30248,3,93,99,3
"2025-03-22 19:31:02",547731,30248,3,93,99,3
"2025-03-23 04:27:46",547731,30248,3,93,99,3
"2025-03-23 12:32:43",547731,30248,1,93,99,3
"2025-03-23 18:28:26",547731,30248,1,93,99,1
"2025-03-23 19:32:41",547731,30248,1,93,99,1
"2025-03-24 06:24:38",547731,30248,4,93,99,1
"2025-03-24 12:39:12",547731,30248,3,93,99,4
"2025-03-24 18:34:45",547731,30248,3,93,99,3
"2025-03-24 19:41:07",547731,30248,3,93,99,3
"2025-03-25 01:38:22",547731,30248,3,93,99,3
"2025-03-25 12:40:07",547731,30248,3,93,99,3
"2025-03-25 18:31:01",547731,30248,1,93,99,3
"2025-03-25 19:40:54",547731,30248,1,93,99,1
"2025-03-26 00:34:20",547731,30248,1,93,99,1
"2025-03-26 12:44:46",547731,30248,6,93,99,1
"2025-03-26 18:25:35",547731,30248,6,93,99,6
"2025-03-26 19:32:20",547731,30248,6,93,99,6
"2025-03-27 03:59:16",547731,30248,6,93,99,6
"2025-03-27 19:59:19",547731,30248,5,93,99,6
"2025-03-28 03:57:22",547731,30248,5,93,99,5
"2025-03-28 12:41:40",547731,30248,5,93,99,5
"2025-03-28 18:29:33",547731,30248,4,93,99,5
"2025-03-28 19:47:02",547731,30248,4,93,99,4
"2025-03-29 01:08:46",547731,30248,4,93,99,4
"2025-03-29 06:39:33",547731,30248,4,93,99,4
"2025-03-29 12:33:18",547731,30248,2,93,99,4
"2025-03-29 20:08:37",547731,30248,0,93,99,2
"2025-03-29 20:14:55",547731,30248,0,93,99,0
"2025-03-30 02:10:45",547731,30248,0,93,99,0
"2025-03-30 12:30:19",547731,30248,0,93,99,0
"2025-03-30 18:23:13",547731,30248,7,93,99,0
"2025-03-30 19:59:41",547731,30248,7,93,99,7
"2025-03-31 04:02:58",547731,30248,7,93,99,7
"2025-03-31 12:43:47",547731,30248,7,93,99,7
"2025-03-31 18:35:14",547731,30248,7,93,99,7
"2025-03-31 19:43:42",547731,30248,7,93,99,7
"2025-04-01 01:08:59",547731,30248,7,90,99,7
"2025-04-01 12:36:16",547731,30248,6,90,99,7
"2025-04-01 19:49:20",547731,30248,6,90,99,6
"2025-04-01 19:54:57",547731,30248,6,90,99,6
"2025-04-02 07:14:45",547731,30248,5,90,99,6
"2025-03-01 01:02:31",547731,30299,1,93,99,NULL
"2025-03-01 07:15:24",547731,30299,4,93,99,1
"2025-03-03 19:27:10",547731,30299,0,93,99,4
"2025-03-04 00:29:27",547731,30299,0,93,99,0
"2025-03-04 08:32:09",547731,30299,3,93,99,0
"2025-03-04 12:22:02",547731,30299,2,93,99,3
"2025-03-04 18:24:00",547731,30299,1,93,99,2
"2025-03-05 01:29:29",547731,30299,1,93,99,1
"2025-03-05 06:23:17",547731,30299,5,93,99,1
"2025-03-05 12:28:00",547731,30299,5,93,99,5
"2025-03-05 18:24:36",547731,30299,5,93,99,5
"2025-03-06 00:52:49",547731,30299,7,93,99,5
"2025-03-06 06:21:22",547731,30299,7,93,99,7
"2025-03-06 12:25:10",547731,30299,7,93,99,7
"2025-03-06 18:26:17",547731,30299,7,93,99,7
"2025-03-07 01:02:50",547731,30299,7,93,99,7
"2025-03-07 07:05:10",547731,30299,7,93,99,7
"2025-03-07 12:33:22",547731,30299,7,93,99,7
"2025-03-07 19:00:18",547731,30299,7,93,99,7
"2025-03-08 00:51:23",547731,30299,7,93,99,7
"2025-03-08 06:20:24",547731,30299,7,93,99,7
"2025-03-08 12:24:47",547731,30299,7,93,99,7
"2025-03-08 18:18:42",547731,30299,6,93,99,7
"2025-03-09 00:55:19",547731,30299,6,93,99,6
"2025-03-09 06:21:40",547731,30299,6,93,99,6
"2025-03-09 12:21:40",547731,30299,6,93,99,6
"2025-03-09 19:01:09",547731,30299,6,93,99,6
"2025-03-10 00:47:36",547731,30299,6,93,99,6
"2025-03-10 06:20:38",547731,30299,6,93,99,6
"2025-03-10 12:29:27",547731,30299,5,93,99,6
"2025-03-10 18:23:33",547731,30299,5,93,99,5
"2025-03-11 01:02:44",547731,30299,5,93,99,5
"2025-03-11 06:29:05",547731,30299,3,93,99,5
"2025-03-11 12:24:16",547731,30299,3,93,99,3
"2025-03-11 18:29:29",547731,30299,3,93,99,3
"2025-03-12 00:54:42",547731,30299,3,93,99,3
"2025-03-12 06:29:03",547731,30299,1,93,99,3
"2025-03-12 12:37:33",547731,30299,1,93,99,1
"2025-03-12 18:21:14",547731,30299,1,93,99,1
"2025-03-13 01:07:02",547731,30299,3,93,99,1
"2025-03-13 06:27:13",547731,30299,0,93,99,3
"2025-03-13 12:31:37",547731,30299,1,93,99,0
"2025-03-16 06:50:49",547731,30299,7,93,99,1
"2025-03-16 12:31:49",547731,30299,7,93,99,7
"2025-03-16 18:29:05",547731,30299,7,93,99,7
"2025-03-17 01:25:59",547731,30299,7,93,99,7
"2025-03-17 12:38:54",547731,30299,7,93,99,7
"2025-03-17 18:27:41",547731,30299,5,93,99,7
"2025-03-18 01:06:09",547731,30299,5,93,99,5
"2025-03-18 06:23:19",547731,30299,5,93,99,5
"2025-03-18 12:30:46",547731,30299,5,93,99,5
"2025-03-18 18:30:48",547731,30299,5,93,99,5
"2025-03-19 03:09:02",547731,30299,5,93,99,5
"2025-03-19 12:37:31",547731,30299,5,93,99,5
"2025-03-19 18:29:33",547731,30299,5,93,99,5
"2025-03-20 01:05:57",547731,30299,5,93,99,5
"2025-03-20 06:37:18",547731,30299,5,93,99,5
"2025-03-20 12:37:32",547731,30299,4,93,99,5
"2025-03-20 18:33:33",547731,30299,4,93,99,4
"2025-03-21 02:31:20",547731,30299,4,93,99,4
"2025-03-21 12:29:54",547731,30299,2,93,99,4
"2025-03-21 18:33:35",547731,30299,2,93,99,2
"2025-03-22 01:02:46",547731,30299,2,93,99,2
"2025-03-22 06:36:37",547731,30299,9,93,99,2
"2025-03-22 12:30:43",547731,30299,8,93,99,9
"2025-03-22 18:39:00",547731,30299,8,93,99,8
"2025-03-23 02:14:53",547731,30299,8,93,99,8
"2025-03-23 12:26:53",547731,30299,8,93,99,8
"2025-03-23 18:28:55",547731,30299,8,93,99,8
"2025-03-24 02:16:28",547731,30299,8,93,99,8
"2025-03-24 12:33:46",547731,30299,8,93,99,8
"2025-03-24 18:33:22",547731,30299,8,93,99,8
"2025-03-25 02:59:17",547731,30299,8,93,99,8
"2025-03-25 12:44:29",547731,30299,8,93,99,8
"2025-03-25 18:30:48",547731,30299,8,93,99,8
"2025-03-26 07:20:03",547731,30299,8,93,99,8
"2025-03-26 12:41:07",547731,30299,8,93,99,8
"2025-03-26 18:28:14",547731,30299,8,93,99,8
"2025-03-27 03:32:43",547731,30299,8,93,99,8
"2025-03-27 12:37:51",547731,30299,8,93,99,8
"2025-03-27 18:31:50",547731,30299,8,93,99,8
"2025-03-28 04:09:23",547731,30299,8,93,99,8
"2025-03-28 12:44:14",547731,30299,8,93,99,8
"2025-03-28 18:27:35",547731,30299,8,93,99,8
"2025-03-29 01:09:29",547731,30299,8,93,99,8
"2025-03-29 06:39:37",547731,30299,8,93,99,8
"2025-03-29 12:38:17",547731,30299,8,93,99,8
"2025-03-29 18:26:01",547731,30299,8,93,99,8
"2025-03-30 12:33:26",547731,30299,8,93,99,8
"2025-03-30 18:25:08",547731,30299,8,93,99,8
"2025-03-31 03:06:37",547731,30299,8,93,99,8
"2025-03-31 12:42:37",547731,30299,8,93,99,8
"2025-03-31 18:32:13",547731,30299,8,93,99,8
"2025-04-01 02:19:23",547731,30299,8,90,99,8
"2025-04-01 12:40:39",547731,30299,8,90,99,8
"2025-04-01 18:31:38",547731,30299,7,90,99,8
"2025-04-02 01:26:03",547731,30299,7,90,99,7
"2025-03-01 00:50:20",547731,30303,2,93,99,NULL
"2025-03-01 00:54:11",547731,30303,2,93,99,2
"2025-03-01 01:13:20",547731,30303,2,93,99,2
"2025-03-01 06:06:39",547731,30303,2,93,99,2
"2025-03-01 06:34:42",547731,30303,2,93,99,2
"2025-03-04 00:14:45",547731,30303,5,93,99,2
"2025-03-04 08:23:09",547731,30303,5,93,99,5
"2025-03-04 12:00:14",547731,30303,5,93,99,5
"2025-03-04 18:01:14",547731,30303,5,93,99,5
"2025-03-05 00:01:14",547731,30303,5,93,99,5
"2025-03-05 06:06:39",547731,30303,5,93,99,5
"2025-03-05 12:10:04",547731,30303,5,93,99,5
"2025-03-05 18:11:41",547731,30303,3,93,99,5
"2025-03-06 00:02:58",547731,30303,3,93,99,3
"2025-03-06 06:04:41",547731,30303,3,93,99,3
"2025-03-06 12:14:55",547731,30303,2,93,99,3
"2025-03-06 18:26:51",547731,30303,1,93,99,2
"2025-03-07 00:17:39",547731,30303,1,93,99,1
"2025-03-07 06:11:18",547731,30303,0,93,99,1
"2025-03-07 07:00:58",547731,30303,0,93,99,0
"2025-03-07 12:01:45",547731,30303,0,93,99,0
"2025-03-07 18:01:25",547731,30303,0,93,99,0
"2025-03-08 00:00:14",547731,30303,0,93,99,0
"2025-03-08 06:13:41",547731,30303,0,93,99,0
"2025-03-08 12:06:19",547731,30303,0,93,99,0
"2025-03-08 18:17:40",547731,30303,0,93,99,0
"2025-03-09 00:03:00",547731,30303,0,93,99,0
"2025-03-09 06:01:02",547731,30303,5,93,99,0
"2025-03-09 12:21:38",547731,30303,4,93,99,5
"2025-03-09 18:01:32",547731,30303,4,93,99,4
"2025-03-10 00:22:36",547731,30303,4,93,99,4
"2025-03-11 00:03:15",547731,30303,4,93,99,4
"2025-03-11 12:00:17",547731,30303,4,93,99,4
"2025-03-11 13:15:37",547731,30303,4,93,99,4
"2025-03-11 18:00:15",547731,30303,4,93,99,4
"2025-03-11 19:14:40",547731,30303,4,93,99,4
"2025-03-12 00:22:12",547731,30303,4,93,99,4
"2025-03-12 01:49:18",547731,30303,4,93,99,4
"2025-03-12 06:05:47",547731,30303,4,93,99,4
"2025-03-12 07:24:51",547731,30303,4,93,99,4
"2025-03-12 12:02:08",547731,30303,4,93,99,4
"2025-03-12 13:26:13",547731,30303,4,93,99,4
"2025-03-12 18:02:09",547731,30303,3,93,99,4
"2025-03-12 19:09:43",547731,30303,3,93,99,3
"2025-03-13 01:48:53",547731,30303,3,93,99,3
"2025-03-13 01:56:01",547731,30303,3,93,99,3
"2025-03-13 06:19:38",547731,30303,3,93,99,3
"2025-03-13 07:06:27",547731,30303,3,93,99,3
"2025-03-13 12:10:06",547731,30303,2,93,99,3
"2025-03-13 13:09:17",547731,30303,2,93,99,2
"2025-03-13 18:00:13",547731,30303,2,93,99,2
"2025-03-16 06:45:53",547731,30303,5,93,99,2
"2025-03-16 07:20:24",547731,30303,4,93,99,5
"2025-03-16 12:22:30",547731,30303,2,93,99,4
"2025-03-16 13:16:49",547731,30303,2,93,99,2
"2025-03-16 18:01:04",547731,30303,2,93,99,2
"2025-03-16 19:07:52",547731,30303,2,93,99,2
"2025-03-17 00:14:09",547731,30303,2,93,99,2
"2025-03-17 06:47:12",547731,30303,4,93,99,2
"2025-03-17 12:01:13",547731,30303,4,93,99,4
"2025-03-17 13:23:44",547731,30303,4,93,99,4
"2025-03-17 18:16:24",547731,30303,4,93,99,4
"2025-03-17 19:07:51",547731,30303,4,93,99,4
"2025-03-18 00:08:10",547731,30303,4,93,99,4
"2025-03-18 00:13:05",547731,30303,4,93,99,4
"2025-03-18 01:56:11",547731,30303,4,93,99,4
"2025-03-18 06:16:04",547731,30303,4,93,99,4
"2025-03-18 07:24:00",547731,30303,4,93,99,4
"2025-03-18 12:04:23",547731,30303,4,93,99,4
"2025-03-18 13:09:20",547731,30303,4,93,99,4
"2025-03-18 18:13:07",547731,30303,4,93,99,4
"2025-03-18 19:28:41",547731,30303,4,93,99,4
"2025-03-19 00:00:14",547731,30303,4,93,99,4
"2025-03-19 06:57:12",547731,30303,4,93,99,4
"2025-03-19 12:17:15",547731,30303,4,93,99,4
"2025-03-19 13:41:07",547731,30303,4,93,99,4
"2025-03-19 18:22:01",547731,30303,4,93,99,4
"2025-03-19 19:36:13",547731,30303,4,93,99,4
"2025-03-20 02:04:50",547731,30303,4,93,99,4
"2025-03-20 02:19:04",547731,30303,4,93,99,4
"2025-03-20 06:21:56",547731,30303,4,93,99,4
"2025-03-20 07:49:09",547731,30303,4,93,99,4
"2025-03-20 12:11:11",547731,30303,4,93,99,4
"2025-03-20 14:03:42",547731,30303,4,93,99,4
"2025-03-20 18:00:14",547731,30303,4,93,99,4
"2025-03-20 19:40:55",547731,30303,4,93,99,4
"2025-03-21 00:07:33",547731,30303,4,93,99,4
"2025-03-21 07:12:08",547731,30303,3,93,99,4
"2025-03-21 12:03:02",547731,30303,3,93,99,3
"2025-03-21 13:51:51",547731,30303,3,93,99,3
"2025-03-21 18:00:13",547731,30303,3,93,99,3
"2025-03-21 19:39:31",547731,30303,3,93,99,3
"2025-03-22 00:19:33",547731,30303,3,93,99,3
"2025-03-22 02:18:04",547731,30303,3,93,99,3
"2025-03-22 06:02:56",547731,30303,1,93,99,3
"2025-03-22 07:32:21",547731,30303,1,93,99,1
"2025-03-22 12:10:27",547731,30303,1,93,99,1
"2025-03-22 13:38:59",547731,30303,1,93,99,1
"2025-03-22 18:18:31",547731,30303,1,93,99,1
"2025-03-22 19:28:34",547731,30303,1,93,99,1
"2025-03-23 00:01:22",547731,30303,1,93,99,1
"2025-03-23 07:05:45",547731,30303,5,93,99,1
"2025-03-23 12:23:33",547731,30303,5,93,99,5
"2025-03-23 13:48:38",547731,30303,5,93,99,5
"2025-03-23 18:00:14",547731,30303,5,93,99,5
"2025-03-23 19:29:44",547731,30303,5,93,99,5
"2025-03-24 00:12:08",547731,30303,5,93,99,5
"2025-03-24 00:14:40",547731,30303,5,93,99,5
"2025-03-24 06:52:51",547731,30303,5,93,99,5
"2025-03-24 12:23:06",547731,30303,5,93,99,5
"2025-03-24 13:39:10",547731,30303,5,93,99,5
"2025-03-24 18:03:59",547731,30303,5,93,99,5
"2025-03-24 20:16:29",547731,30303,5,93,99,5
"2025-03-25 00:24:11",547731,30303,5,93,99,5
"2025-03-25 06:44:57",547731,30303,5,93,99,5
"2025-03-25 12:31:51",547731,30303,5,93,99,5
"2025-03-25 13:42:25",547731,30303,5,93,99,5
"2025-03-25 18:20:44",547731,30303,5,93,99,5
"2025-03-25 19:35:28",547731,30303,5,93,99,5
"2025-03-26 01:00:17",547731,30303,5,93,99,5
"2025-03-26 07:10:03",547731,30303,4,93,99,5
"2025-03-26 12:11:15",547731,30303,3,93,99,4
"2025-03-26 13:43:20",547731,30303,3,93,99,3
"2025-03-26 18:20:15",547731,30303,3,93,99,3
"2025-03-26 19:29:37",547731,30303,3,93,99,3
"2025-03-27 00:14:15",547731,30303,3,93,99,3
"2025-03-27 07:09:18",547731,30303,0,93,99,3
"2025-03-27 12:32:07",547731,30303,0,93,99,0
"2025-03-27 13:34:17",547731,30303,0,93,99,0
"2025-03-27 18:26:06",547731,30303,0,93,99,0
"2025-03-28 00:01:52",547731,30303,0,93,99,0
"2025-03-28 07:00:59",547731,30303,4,93,99,0
"2025-03-28 12:02:06",547731,30303,4,93,99,4
"2025-03-28 14:01:37",547731,30303,4,93,99,4
"2025-03-28 18:21:23",547731,30303,4,93,99,4
"2025-03-28 19:52:32",547731,30303,4,93,99,4
"2025-03-29 00:56:20",547731,30303,4,93,99,4
"2025-03-29 02:24:01",547731,30303,4,93,99,4
"2025-03-29 06:00:27",547731,30303,3,93,99,4
"2025-03-29 07:43:22",547731,30303,3,93,99,3
"2025-03-29 12:24:45",547731,30303,3,93,99,3
"2025-03-29 14:11:28",547731,30303,1,93,99,3
"2025-03-29 18:24:42",547731,30303,1,93,99,1
"2025-03-29 20:03:42",547731,30303,1,93,99,1
"2025-03-30 00:18:43",547731,30303,1,93,99,1
"2025-03-30 07:29:31",547731,30303,1,93,99,1
"2025-03-30 12:00:14",547731,30303,1,93,99,1
"2025-03-30 13:56:26",547731,30303,0,93,99,1
"2025-03-30 18:08:53",547731,30303,1,93,99,0
"2025-03-30 19:36:50",547731,30303,2,93,99,1
"2025-03-31 00:11:17",547731,30303,5,93,99,2
"2025-03-31 07:07:25",547731,30303,5,93,99,5
"2025-03-31 12:09:51",547731,30303,3,93,99,5
"2025-03-31 14:10:58",547731,30303,3,93,99,3
"2025-03-31 18:08:45",547731,30303,2,93,99,3
"2025-03-31 19:36:43",547731,30303,2,93,99,2
"2025-04-01 00:18:53",547731,30303,2,90,99,2
"2025-04-01 00:40:51",547731,30303,2,90,99,2
"2025-04-01 07:30:20",547731,30303,2,90,99,2
"2025-04-01 12:31:16",547731,30303,0,90,99,2
"2025-04-01 13:52:50",547731,30303,0,90,99,0
"2025-04-01 18:04:50",547731,30303,0,90,99,0
"2025-04-01 19:48:46",547731,30303,4,90,99,0
"2025-04-02 00:03:29",547731,30303,4,90,99,4
"2025-03-01 01:06:01",547731,30308,0,93,99,NULL
"2025-03-01 07:17:13",547731,30308,0,93,99,0
"2025-03-03 18:40:03",547731,30308,0,93,99,0
"2025-03-04 00:31:07",547731,30308,4,93,99,0
"2025-03-04 08:30:26",547731,30308,3,93,99,4
"2025-03-04 12:24:19",547731,30308,3,93,99,3
"2025-03-04 18:25:25",547731,30308,2,93,99,3
"2025-03-05 01:25:37",547731,30308,2,93,99,2
"2025-03-05 06:24:48",547731,30308,2,93,99,2
"2025-03-05 12:27:55",547731,30308,2,93,99,2
"2025-03-05 18:24:21",547731,30308,0,93,99,2
"2025-03-06 00:53:21",547731,30308,0,93,99,0
"2025-03-06 06:22:40",547731,30308,0,93,99,0
"2025-03-06 12:25:18",547731,30308,3,93,99,0
"2025-03-06 18:25:58",547731,30308,3,93,99,3
"2025-03-07 01:03:02",547731,30308,3,93,99,3
"2025-03-07 06:24:29",547731,30308,6,93,99,3
"2025-03-07 12:30:03",547731,30308,7,93,99,6
"2025-03-07 18:55:32",547731,30308,1,93,99,7
"2025-03-08 00:47:00",547731,30308,7,93,99,1
"2025-03-08 06:20:53",547731,30308,7,93,99,7
"2025-03-08 12:23:10",547731,30308,7,93,99,7
"2025-03-08 18:18:32",547731,30308,6,93,99,7
"2025-03-09 00:58:43",547731,30308,6,93,99,6
"2025-03-09 06:24:20",547731,30308,5,93,99,6
"2025-03-09 12:23:10",547731,30308,5,93,99,5
"2025-03-09 18:19:05",547731,30308,5,93,99,5
"2025-03-10 00:33:20",547731,30308,5,93,99,5
"2025-03-10 06:21:09",547731,30308,5,93,99,5
"2025-03-10 12:29:38",547731,30308,4,93,99,5
"2025-03-10 18:23:02",547731,30308,4,93,99,4
"2025-03-11 01:06:05",547731,30308,4,93,99,4
"2025-03-11 01:34:55",547731,30308,4,93,99,4
"2025-03-11 06:28:14",547731,30308,4,93,99,4
"2025-03-11 06:50:49",547731,30308,4,93,99,4
"2025-03-11 12:27:34",547731,30308,4,93,99,4
"2025-03-11 13:02:48",547731,30308,4,93,99,4
"2025-03-12 01:44:36",547731,30308,4,93,99,4
"2025-03-12 01:49:53",547731,30308,4,93,99,4
"2025-03-12 06:29:10",547731,30308,6,93,99,4
